train_loss,val_loss,epochs,lr
18.7714262008667,0,1,0.005
15.245663166046143,0,2,0.005
13.60419454574585,0,3,0.005
15.255096054077148,0,4,0.005
24.002153873443604,0,5,0.005
,0,6,0.005
,0,7,0.005
,0,8,0.0005
,0,9,0.0005
,0,10,0.0005
